"Code du département";"Libellé du département";"Code de la circonscription";"registered";"voted";"whites";"void";"Code Nuance 1";"Voix 1";"Code Nuance 2";"Voix 2";"Code Nuance 3";"Voix 3";"Code Nuance 4";"Voix 4";"Code Nuance 5";"Voix 5";"Code Nuance 6";"Voix 6";"Code Nuance 7";"Voix 7";"Code Nuance 8";"Voix 8";"Code Nuance 9";"Voix 9"
1;"AIN";1;79907;43216;1426;519;"BC-UG";13453;"BC-UMP";3007;"BC-UD";17058;"BC-FN";7753;;;;;;;;;;
1;"AIN";2;89461;43208;2344;836;"BC-UG";7417;"BC-UD";22546;"BC-FN";10065;;;;;;;;;;;;
1;"AIN";3;73152;32358;1422;487;"BC-UG";8258;"BC-UD";15805;"BC-FN";6386;;;;;;;;;;;;
1;"AIN";4;86317;44334;2151;715;"BC-UG";7987;"BC-UMP";3190;"BC-UD";18015;"BC-FN";12276;;;;;;;;;;
1;"AIN";5;73640;36783;2234;909;"BC-UG";2737;"BC-UD";19736;"BC-FN";11167;;;;;;;;;;;;
2;"AISNE";1;71706;39388;2648;895;"BC-UG";11762;"BC-UDI";2133;"BC-UMP";49;"BC-UD";7018;"BC-FN";14883;;;;;;;;
2;"AISNE";2;73086;39688;2359;1118;"BC-UG";4195;"BC-UD";16680;"BC-FN";15336;;;;;;;;;;;;
2;"AISNE";3;68263;39668;2418;1190;"BC-SOC";4047;"BC-UG";8113;"BC-UDI";3295;"BC-UD";3608;"BC-FN";16997;;;;;;;;
2;"AISNE";4;63120;31356;1513;643;"BC-UG";8400;"BC-UD";8486;"BC-FN";12314;;;;;;;;;;;;
2;"AISNE";5;81140;43907;2941;962;"BC-UG";10023;"BC-UMP";10527;"BC-UD";360;"BC-FN";19094;;;;;;;;;;
3;"ALLIER";1;78002;41865;2133;1261;"BC-COM";2680;"BC-SOC";8957;"BC-UG";6534;"BC-UD";4662;"BC-DVD";15286;"BC-FN";352;;;;;;
3;"ALLIER";2;85474;45002;2110;1511;"BC-FG";8382;"BC-COM";4363;"BC-SOC";6384;"BC-UG";1130;"BC-UMP";1938;"BC-UD";1646;"BC-DVD";15802;"BC-FN";1736;;
3;"ALLIER";3;78422;41459;2372;1148;"BC-SOC";871;"BC-UG";4523;"BC-RDG";3318;"BC-UMP";3568;"BC-UD";9256;"BC-DVD";9910;"BC-FN";6493;;;;
4;"ALPES DE HAUTE PROVENCE";1;60745;35932;1997;1037;"BC-SOC";13041;"BC-DVG";2654;"BC-UMP";6626;"BC-UD";217;"BC-DVD";2038;"BC-FN";8096;"BC-EXD";226;;;;
4;"ALPES DE HAUTE PROVENCE";2;64414;34945;2465;1197;"BC-FG";1678;"BC-SOC";10063;"BC-UMP";2639;"BC-UD";8700;"BC-DVD";2711;"BC-FN";4510;"BC-EXD";982;;;;
5;"HAUTES ALPES";1;44762;24423;1426;846;"BC-SOC";1615;"BC-UG";5423;"BC-DVG";1781;"BC-DIV";2462;"BC-UMP";1696;"BC-UD";6097;"BC-DVD";3077;;;;
5;"HAUTES ALPES";2;34990;19468;1093;554;"BC-SOC";1660;"BC-UG";3499;"BC-DVG";3110;"BC-UMP";2127;"BC-UD";6101;"BC-DVD";1324;;;;;;
6;"ALPES MARITIMES";1;83249;37194;2233;981;"BC-UD";22129;"BC-FN";11851;;;;;;;;;;;;;;
6;"ALPES MARITIMES";2;84041;43518;3113;868;"BC-SOC";942;"BC-UMP";192;"BC-UD";23204;"BC-FN";15199;;;;;;;;;;
6;"ALPES MARITIMES";3;87064;40072;2224;1111;"BC-UD";22629;"BC-FN";14108;;;;;;;;;;;;;;
6;"ALPES MARITIMES";4;86133;44332;1505;846;"BC-COM";7164;"BC-UD";18546;"BC-FN";16271;;;;;;;;;;;;
6;"ALPES MARITIMES";5;58351;26270;1194;577;"BC-UD";14801;"BC-FN";9698;;;;;;;;;;;;;;
6;"ALPES MARITIMES";6;56550;28225;1529;298;"BC-UD";15359;"BC-FN";11039;;;;;;;;;;;;;;
6;"ALPES MARITIMES";7;85547;40755;2475;442;"BC-UMP";7513;"BC-UD";17693;"BC-FN";12632;;;;;;;;;;;;
6;"ALPES MARITIMES";8;32134;14566;586;300;"BC-UD";7794;"BC-FN";5886;;;;;;;;;;;;;;
6;"ALPES MARITIMES";9;65804;31711;1763;423;"BC-SOC";6647;"BC-UMP";9116;"BC-UD";2387;"BC-FN";11375;;;;;;;;;;
7;"ARDECHE";1;77821;44786;1880;1003;"BC-SOC";12899;"BC-UG";9314;"BC-UDI";1924;"BC-UD";7464;"BC-DVD";2079;"BC-FN";8223;;;;;;
7;"ARDECHE";2;75634;41767;2056;920;"BC-SOC";3292;"BC-UG";9593;"BC-UDI";456;"BC-UMP";9215;"BC-UD";7909;"BC-FN";8326;;;;;;
7;"ARDECHE";3;77345;45113;2194;1251;"BC-SOC";11219;"BC-UG";6578;"BC-UMP";7467;"BC-UD";8420;"BC-FN";7984;;;;;;;;
8;"ARDENNES";1;61686;30569;1618;704;"BC-UG";1592;"BC-DVG";4616;"BC-UDI";1877;"BC-UD";10867;"BC-DVD";1786;"BC-FN";7509;;;;;;
8;"ARDENNES";2;64299;29663;1602;768;"BC-SOC";2731;"BC-UG";3254;"BC-DVG";464;"BC-UDI";15;"BC-UD";11329;"BC-FN";9500;;;;;;
8;"ARDENNES";3;57882;28702;1561;587;"BC-DVG";3025;"BC-UD";9011;"BC-DVD";5390;"BC-FN";9128;;;;;;;;;;
9;"ARIEGE";1;50118;28465;2057;1261;"BC-SOC";10684;"BC-DVG";11701;"BC-DVD";486;"BC-FN";2276;;;;;;;;;;
9;"ARIEGE";2;49210;28130;2109;1184;"BC-SOC";12043;"BC-DVD";6317;"BC-FN";6477;;;;;;;;;;;;
10;"AUBE";1;50423;26881;1322;462;"BC-DVG";2657;"BC-UMP";2102;"BC-DVD";10390;"BC-FN";9948;;;;;;;;;;
10;"AUBE";2;63439;32476;2087;648;"BC-DVG";1386;"BC-UMP";13330;"BC-UD";3565;"BC-FN";11460;;;;;;;;;;
10;"AUBE";3;54931;24960;1440;698;"BC-UMP";6907;"BC-UD";4431;"BC-DVD";2848;"BC-FN";8636;;;;;;;;;;
11;"AUDE";1;93026;58236;3414;1701;"BC-SOC";27348;"BC-UMP";1966;"BC-DVD";1947;"BC-FN";21860;;;;;;;;;;
11;"AUDE";2;86161;48682;2645;1344;"BC-SOC";11206;"BC-DVG";5212;"BC-UD";5948;"BC-DVD";5194;"BC-FN";17133;;;;;;;;
11;"AUDE";3;73017;45199;2986;1422;"BC-SOC";23285;"BC-UMP";2334;"BC-DVD";70;"BC-FN";15102;;;;;;;;;;
12;"AVEYRON";1;33847;17620;952;674;"BC-FG";2197;"BC-SOC";2933;"BC-UG";2867;"BC-UD";1349;"BC-DVD";6648;;;;;;;;
12;"AVEYRON";2;61033;36548;1585;1262;"BC-SOC";3125;"BC-RDG";6250;"BC-DVG";8374;"BC-UDI";5652;"BC-DVD";10300;;;;;;;;
12;"AVEYRON";3;49541;30019;1553;1153;"BC-SOC";4920;"BC-UG";3958;"BC-DVG";2858;"BC-UDI";4774;"BC-UMP";2878;"BC-UD";3063;"BC-DVD";4862;;;;
13;"BOUCHES DU RHONE";1;76480;37113;1954;937;"BC-UD";19646;"BC-FN";14576;;;;;;;;;;;;;;
13;"BOUCHES DU RHONE";2;77666;37675;2473;863;"BC-UD";23525;"BC-FN";10814;;;;;;;;;;;;;;
13;"BOUCHES DU RHONE";3;71906;35107;1931;686;"BC-SOC";10486;"BC-UG";4004;"BC-UD";1982;"BC-FN";16018;;;;;;;;;;
13;"BOUCHES DU RHONE";4;58481;25049;1894;661;"BC-UG";6546;"BC-DVG";7446;"BC-UD";1962;"BC-FN";6540;;;;;;;;;;
13;"BOUCHES DU RHONE";5;67756;32229;2646;921;"BC-UG";6367;"BC-UD";11429;"BC-FN";10866;;;;;;;;;;;;
13;"BOUCHES DU RHONE";6;73936;35274;2169;796;"BC-UD";19698;"BC-FN";12611;;;;;;;;;;;;;;
13;"BOUCHES DU RHONE";7;64499;28474;1143;610;"BC-SOC";14007;"BC-UG";2074;"BC-FN";10640;;;;;;;;;;;;
13;"BOUCHES DU RHONE";8;97042;53079;2127;1020;"BC-SOC";9390;"BC-UG";4926;"BC-DVG";1508;"BC-UD";15284;"BC-FN";18824;;;;;;;;
13;"BOUCHES DU RHONE";9;95560;48756;2204;1105;"BC-UG";5963;"BC-UD";24595;"BC-FN";14889;;;;;;;;;;;;
13;"BOUCHES DU RHONE";10;102895;54042;3216;1363;"BC-UG";1459;"BC-DVG";6183;"BC-UD";20501;"BC-FN";21320;;;;;;;;;;
13;"BOUCHES DU RHONE";11;87113;42597;2561;889;"BC-DVG";6941;"BC-UD";18243;"BC-FN";13963;;;;;;;;;;;;
13;"BOUCHES DU RHONE";12;89676;44684;2368;781;"BC-UD";22594;"BC-FN";18941;;;;;;;;;;;;;;
13;"BOUCHES DU RHONE";13;92014;52539;2390;1215;"BC-COM";15914;"BC-SOC";12376;"BC-FN";20644;;;;;;;;;;;;
13;"BOUCHES DU RHONE";14;94401;46589;3647;1466;"BC-UD";28287;"BC-FN";13189;;;;;;;;;;;;;;
13;"BOUCHES DU RHONE";15;101937;57532;2788;1405;"BC-DVG";7212;"BC-UD";25842;"BC-FN";20285;;;;;;;;;;;;
13;"BOUCHES DU RHONE";16;89520;50102;2299;1180;"BC-COM";10303;"BC-SOC";2257;"BC-UG";7568;"BC-UD";4771;"BC-FN";21724;;;;;;;;
14;"CALVADOS";1;68680;34152;2011;834;"BC-SOC";8948;"BC-UG";3974;"BC-DVG";231;"BC-UD";13541;"BC-DVD";3159;"BC-FN";1454;;;;;;
14;"CALVADOS";2;66533;32313;1541;672;"BC-SOC";9276;"BC-UG";5730;"BC-MDM";3656;"BC-UD";9682;"BC-FN";1756;;;;;;;;
14;"CALVADOS";3;78238;40390;2421;878;"BC-SOC";5078;"BC-UG";79;"BC-UDI";4904;"BC-UD";5385;"BC-DVD";10733;"BC-FN";10912;;;;;;
14;"CALVADOS";4;74686;36193;2422;939;"BC-SOC";5329;"BC-UG";169;"BC-MDM";771;"BC-UMP";4489;"BC-UD";7527;"BC-DVD";10673;"BC-FN";3874;;;;
14;"CALVADOS";5;87703;44778;3356;1148;"BC-SOC";6483;"BC-UMP";1921;"BC-UD";12991;"BC-DVD";10358;"BC-FN";8521;;;;;;;;
14;"CALVADOS";6;91098;47650;2635;1117;"BC-SOC";1994;"BC-UG";1719;"BC-DVG";12851;"BC-UMP";3920;"BC-UD";6642;"BC-DVD";9858;"BC-FN";6914;;;;
15;"CANTAL";1;53708;30940;1707;1145;"BC-SOC";1559;"BC-UG";5142;"BC-DVG";4257;"BC-DIV";4034;"BC-UMP";1673;"BC-UD";7224;"BC-DVD";4199;;;;
15;"CANTAL";2;15872;8942;333;206;"BC-UG";49;"BC-DIV";4327;"BC-UD";214;"BC-DVD";3813;;;;;;;;;;
16;"CHARENTE";1;73015;33932;2010;1043;"BC-UG";12689;"BC-UD";15899;"BC-FN";2291;;;;;;;;;;;;
16;"CHARENTE";2;84014;42086;2174;1285;"BC-UG";11276;"BC-UD";21601;"BC-FN";5750;;;;;;;;;;;;
16;"CHARENTE";3;91497;49476;2771;2250;"BC-UG";20409;"BC-DVG";3291;"BC-UD";18454;"BC-FN";2301;;;;;;;;;;
17;"CHARENTE MARITIME";1;84462;37167;2232;1641;"BC-SOC";12747;"BC-RDG";6544;"BC-DVG";3324;"BC-UMP";10679;;;;;;;;;;
17;"CHARENTE MARITIME";2;82404;38921;2499;1198;"BC-SOC";4920;"BC-UG";9291;"BC-DVG";4017;"BC-DIV";2910;"BC-UMP";5427;"BC-UD";5076;"BC-FN";3583;;;;
17;"CHARENTE MARITIME";3;78193;39470;2185;1214;"BC-SOC";8115;"BC-UG";3530;"BC-DVG";900;"BC-UD";18714;"BC-FN";4812;;;;;;;;
17;"CHARENTE MARITIME";4;88220;46359;2708;1254;"BC-SOC";3108;"BC-RDG";403;"BC-DVG";1477;"BC-UMP";9391;"BC-UD";15218;"BC-FN";12800;;;;;;
17;"CHARENTE MARITIME";5;96290;50154;3372;1404;"BC-UG";4492;"BC-RDG";4260;"BC-DVG";4121;"BC-UMP";12844;"BC-UD";6286;"BC-FN";13375;;;;;;
18;"CHER";1;72663;37709;2547;578;"BC-SOC";8881;"BC-UD";18129;"BC-FN";7574;;;;;;;;;;;;
18;"CHER";2;70102;34766;2376;924;"BC-FG";8553;"BC-SOC";1466;"BC-UG";2960;"BC-UD";11474;"BC-FN";7013;;;;;;;;
18;"CHER";3;86353;46306;3523;1201;"BC-SOC";7876;"BC-UDI";3303;"BC-UD";18071;"BC-FN";12332;;;;;;;;;;
19;"CORREZE";1;72339;46755;2610;1795;"BC-SOC";21655;"BC-UMP";20695;;;;;;;;;;;;;;
19;"CORREZE";2;75517;43710;2377;1685;"BC-SOC";17407;"BC-UMP";18778;"BC-UD";3463;;;;;;;;;;;;
"2A";"CORSE SUD";2;6986;2936;122;120;"BC-UMP";1926;"BC-FN";768;;;;;;;;;;;;;;
"2B";"HAUTE CORSE";1;42975;23209;940;688;"BC-SOC";806;"BC-RDG";1848;"BC-DVG";10535;"BC-DIV";3132;"BC-UMP";3227;"BC-DVD";2033;;;;;;
"2B";"HAUTE CORSE";2;18178;13466;187;135;"BC-RDG";2411;"BC-DVG";6255;"BC-UMP";1383;"BC-DVD";3095;;;;;;;;;;
21;"COTE D'OR";1;66710;35491;1849;655;"BC-UG";14229;"BC-UD";15233;"BC-FN";3525;;;;;;;;;;;;
21;"COTE D'OR";2;66610;34687;2022;829;"BC-UG";7536;"BC-UD";17384;"BC-FN";6916;;;;;;;;;;;;
21;"COTE D'OR";3;68834;36290;2130;706;"BC-UG";11984;"BC-UD";11522;"BC-FN";9948;;;;;;;;;;;;
21;"COTE D'OR";4;52309;30242;1896;665;"BC-UG";3701;"BC-RDG";3678;"BC-UD";15057;"BC-FN";5245;;;;;;;;;;
21;"COTE D'OR";5;83253;44223;2196;709;"BC-SOC";3553;"BC-UG";4840;"BC-UD";20354;"BC-FN";12571;;;;;;;;;;
22;"COTES D'ARMOR";1;88129;47700;2609;1513;"BC-SOC";17379;"BC-UG";4342;"BC-UC";3681;"BC-UD";11545;"BC-DVD";6631;;;;;;;;
22;"COTES D'ARMOR";2;94393;54913;2515;1495;"BC-SOC";5718;"BC-UG";7253;"BC-DVG";9887;"BC-UD";10949;"BC-DVD";15685;"BC-FN";1411;;;;;;
22;"COTES D'ARMOR";3;86423;50329;1938;1264;"BC-SOC";10928;"BC-DVG";10287;"BC-UMP";9657;"BC-UD";6603;"BC-DVD";8848;"BC-FN";804;;;;;;
22;"COTES D'ARMOR";4;65154;35799;2033;1372;"BC-SOC";10271;"BC-UG";6370;"BC-UD";2209;"BC-DVD";13544;;;;;;;;;;
22;"COTES D'ARMOR";5;103153;56325;2777;1857;"BC-SOC";9583;"BC-UG";17689;"BC-UDI";4281;"BC-UD";4827;"BC-DVD";15311;;;;;;;;
23;"CREUSE";1;75416;45589;2493;1737;"BC-SOC";12358;"BC-UG";8381;"BC-UMP";5123;"BC-UD";11272;"BC-DVD";3658;"BC-FN";567;;;;;;
24;"DORDOGNE";1;75013;43158;3067;2082;"BC-SOC";19717;"BC-UDI";2143;"BC-UMP";2461;"BC-UD";4623;"BC-DVD";3776;"BC-FN";5289;;;;;;
24;"DORDOGNE";2;81532;48399;2355;1785;"BC-SOC";15337;"BC-UG";4134;"BC-UMP";1753;"BC-UD";6528;"BC-DVD";4771;"BC-FN";11736;;;;;;
24;"DORDOGNE";3;67979;43841;2416;2143;"BC-SOC";21487;"BC-UMP";3031;"BC-UD";6990;"BC-DVD";7080;"BC-FN";694;;;;;;;;
24;"DORDOGNE";4;86606;52908;2934;2208;"BC-COM";5422;"BC-SOC";21585;"BC-UMP";3395;"BC-UD";9570;"BC-DVD";4869;"BC-FN";2925;;;;;;
25;"DOUBS";1;73376;38409;2292;946;"BC-SOC";16596;"BC-DVG";21;"BC-VEC";754;"BC-UMP";4229;"BC-UD";4992;"BC-FN";8579;;;;;;
25;"DOUBS";2;77564;40568;2079;1046;"BC-SOC";11061;"BC-DVG";1358;"BC-VEC";3551;"BC-UD";17740;"BC-FN";3733;;;;;;;;
25;"DOUBS";3;65730;37139;1739;712;"BC-SOC";7498;"BC-DVG";148;"BC-UMP";4449;"BC-UD";11490;"BC-FN";11103;;;;;;;;
25;"DOUBS";4;66861;34913;2041;999;"BC-SOC";15382;"BC-DVG";22;"BC-UMP";228;"BC-UD";1628;"BC-FN";14613;;;;;;;;
25;"DOUBS";5;79036;42365;1968;969;"BC-SOC";3672;"BC-DVG";4039;"BC-DIV";2687;"BC-UMP";5170;"BC-UD";12455;"BC-DVD";3806;"BC-FN";7599;;;;
26;"DROME";1;73978;38036;2121;912;"BC-SOC";5490;"BC-UG";5060;"BC-UD";20081;"BC-FN";4372;;;;;;;;;;
26;"DROME";2;90954;47538;2826;1282;"BC-SOC";4540;"BC-DVG";1464;"BC-UD";22237;"BC-FN";15189;;;;;;;;;;
26;"DROME";3;104060;60846;3177;1309;"BC-SOC";22010;"BC-DVG";4368;"BC-UD";18991;"BC-FN";10991;;;;;;;;;;
26;"DROME";4;91801;51112;2067;745;"BC-SOC";16838;"BC-UG";4117;"BC-UD";11899;"BC-FN";15446;;;;;;;;;;
27;"EURE";1;71997;35150;1954;664;"BC-FG";3724;"BC-UG";736;"BC-UD";16818;"BC-FN";11254;;;;;;;;;;
27;"EURE";2;77271;40404;2918;1007;"BC-UG";7113;"BC-UD";17434;"BC-FN";11932;;;;;;;;;;;;
27;"EURE";3;82928;44104;1506;643;"BC-UG";11195;"BC-DVG";4092;"BC-UD";16483;"BC-FN";10185;;;;;;;;;;
27;"EURE";4;88235;44906;2682;946;"BC-UG";14463;"BC-DVG";3801;"BC-UD";7492;"BC-FN";15522;;;;;;;;;;
27;"EURE";5;78987;38658;2547;1031;"BC-UG";454;"BC-UD";20421;"BC-FN";14205;;;;;;;;;;;;
28;"EURE ET LOIR";1;87880;41960;3155;1332;"BC-SOC";960;"BC-DVG";5999;"BC-UMP";22075;"BC-FN";8439;;;;;;;;;;
28;"EURE ET LOIR";2;49781;21321;1477;730;"BC-UMP";8205;"BC-UD";4182;"BC-FN";6727;;;;;;;;;;;;
28;"EURE ET LOIR";3;65691;33171;1146;551;"BC-SOC";5212;"BC-DVG";6629;"BC-UMP";7507;"BC-DVD";4493;"BC-FN";7633;;;;;;;;
28;"EURE ET LOIR";4;53727;28633;1439;642;"BC-SOC";52;"BC-UG";3751;"BC-UMP";3071;"BC-UD";10675;"BC-FN";9003;;;;;;;;
29;"FINISTERE";1;87259;45631;2184;1316;"BC-SOC";20784;"BC-UD";21347;;;;;;;;;;;;;;
29;"FINISTERE";2;77818;34480;2555;97;"BC-SOC";17105;"BC-UD";14723;;;;;;;;;;;;;;
29;"FINISTERE";3;87831;43043;2578;613;"BC-SOC";21116;"BC-UD";16019;"BC-FN";2717;;;;;;;;;;;;
29;"FINISTERE";4;81779;41140;2222;986;"BC-SOC";18398;"BC-UD";17205;"BC-DVD";2329;;;;;;;;;;;;
29;"FINISTERE";5;92369;45070;2157;926;"BC-SOC";16850;"BC-UD";21311;"BC-DVD";3826;;;;;;;;;;;;
29;"FINISTERE";6;89253;46977;2379;1278;"BC-SOC";16048;"BC-DIV";6328;"BC-UD";20944;;;;;;;;;;;;
29;"FINISTERE";7;80439;41741;2006;1340;"BC-SOC";18174;"BC-UD";20221;;;;;;;;;;;;;;
29;"FINISTERE";8;61127;30249;1580;1159;"BC-SOC";14713;"BC-UD";12797;;;;;;;;;;;;;;
30;"GARD";1;85424;45637;2597;1125;"BC-COM";1602;"BC-DVG";5275;"BC-UD";13326;"BC-DVD";3606;"BC-FN";18106;;;;;;;;
30;"GARD";2;85275;49577;2909;1355;"BC-SOC";12164;"BC-UD";11628;"BC-FN";21521;;;;;;;;;;;;
30;"GARD";3;91524;51735;2981;1407;"BC-SOC";5192;"BC-DVG";7987;"BC-UD";13710;"BC-FN";20458;;;;;;;;;;
30;"GARD";4;89747;51211;3489;1648;"BC-COM";6032;"BC-SOC";1415;"BC-UG";1917;"BC-DVG";4667;"BC-UD";12264;"BC-FN";19779;;;;;;
30;"GARD";5;77707;45712;2159;1026;"BC-COM";1168;"BC-SOC";12298;"BC-DVG";8291;"BC-UD";5942;"BC-FN";14828;;;;;;;;
30;"GARD";6;79595;42272;2217;1078;"BC-COM";2006;"BC-UG";3936;"BC-UD";13942;"BC-DVD";3982;"BC-FN";15111;;;;;;;;
31;"HAUTE GARONNE";1;78587;37399;1856;1091;"BC-SOC";11958;"BC-UG";8477;"BC-UD";2433;"BC-DVD";7293;"BC-FN";4291;;;;;;;;
31;"HAUTE GARONNE";2;96160;48530;2088;1187;"BC-SOC";22383;"BC-UG";866;"BC-UD";15444;"BC-DVD";3017;"BC-FN";3545;;;;;;;;
31;"HAUTE GARONNE";3;75514;39179;1407;766;"BC-SOC";8225;"BC-UG";8737;"BC-UD";19297;"BC-FN";747;;;;;;;;;;
31;"HAUTE GARONNE";4;67590;29436;1339;716;"BC-SOC";14632;"BC-UG";117;"BC-UD";11156;"BC-DVD";1476;;;;;;;;;;
31;"HAUTE GARONNE";5;94008;51519;1966;999;"BC-SOC";20173;"BC-UG";2044;"BC-UD";1490;"BC-DVD";11318;"BC-FN";13529;;;;;;;;
31;"HAUTE GARONNE";6;106911;56784;3183;2114;"BC-SOC";29637;"BC-UG";307;"BC-UD";11547;"BC-DVD";304;"BC-FN";9692;;;;;;;;
31;"HAUTE GARONNE";7;95243;52708;3194;1710;"BC-SOC";17221;"BC-UG";9616;"BC-UD";4115;"BC-DVD";411;"BC-FN";16441;;;;;;;;
31;"HAUTE GARONNE";8;85218;49409;2587;1618;"BC-SOC";17520;"BC-UG";4881;"BC-DVG";8498;"BC-DVD";5720;"BC-FN";8585;;;;;;;;
31;"HAUTE GARONNE";9;77981;37358;2130;1032;"BC-SOC";20070;"BC-UD";8079;"BC-FN";6047;;;;;;;;;;;;
31;"HAUTE GARONNE";10;91596;53376;2565;1197;"BC-SOC";17409;"BC-UG";8148;"BC-UD";6614;"BC-DVD";13736;"BC-FN";3707;;;;;;;;
32;"GERS";1;66129;39912;1956;1278;"BC-SOC";11781;"BC-UG";8129;"BC-DVG";125;"BC-UMP";217;"BC-UD";1895;"BC-DVD";13435;"BC-FN";1096;;;;
32;"GERS";2;62809;38578;1673;994;"BC-SOC";10232;"BC-UG";5620;"BC-DVG";1296;"BC-UC";2520;"BC-UMP";8803;"BC-DVD";4109;"BC-FN";3331;;;;
33;"GIRONDE";1;60143;26193;1212;571;"BC-SOC";6067;"BC-UG";4611;"BC-UD";13732;;;;;;;;;;;;
33;"GIRONDE";2;59034;25379;1057;483;"BC-SOC";6369;"BC-UG";4821;"BC-UD";12649;;;;;;;;;;;;
33;"GIRONDE";3;76524;34115;1826;990;"BC-SOC";10085;"BC-UG";8236;"BC-UD";12978;;;;;;;;;;;;
33;"GIRONDE";4;89018;40835;2596;1220;"BC-SOC";14064;"BC-UG";7896;"BC-UD";748;"BC-DVD";7393;"BC-FN";6918;;;;;;;;
33;"GIRONDE";5;105271;54366;2451;1231;"BC-SOC";7402;"BC-UG";16658;"BC-UD";14215;"BC-FN";12409;;;;;;;;;;
33;"GIRONDE";6;97950;47232;2441;1228;"BC-SOC";6793;"BC-UG";14144;"BC-UD";22626;;;;;;;;;;;;
33;"GIRONDE";7;74531;36931;1638;886;"BC-SOC";11449;"BC-UG";7934;"BC-UD";15024;;;;;;;;;;;;
33;"GIRONDE";8;102535;51347;2826;1368;"BC-UG";11959;"BC-UD";28117;"BC-FN";7077;;;;;;;;;;;;
33;"GIRONDE";9;88624;46976;2307;1268;"BC-SOC";16080;"BC-UG";6426;"BC-UD";16491;"BC-FN";4404;;;;;;;;;;
33;"GIRONDE";10;79009;44329;1223;566;"BC-SOC";15626;"BC-UD";14768;"BC-FN";12146;;;;;;;;;;;;
33;"GIRONDE";11;89735;48509;1925;834;"BC-SOC";13774;"BC-UG";5187;"BC-UD";10622;"BC-FN";16167;;;;;;;;;;
33;"GIRONDE";12;79900;44453;1893;805;"BC-SOC";5831;"BC-UG";13408;"BC-UD";16275;"BC-FN";6241;;;;;;;;;;
34;"HERAULT";1;81637;43108;2133;750;"BC-SOC";51;"BC-DVG";17431;"BC-UMP";3304;"BC-UD";6063;"BC-FN";13376;;;;;;;;
34;"HERAULT";2;59723;26559;1571;641;"BC-SOC";3392;"BC-DVG";13737;"BC-UMP";2016;"BC-UD";741;"BC-FN";4461;;;;;;;;
34;"HERAULT";3;81206;44148;1912;878;"BC-SOC";18034;"BC-DVG";227;"BC-VEC";1654;"BC-UMP";13669;"BC-UD";746;"BC-FN";7028;;;;;;
34;"HERAULT";4;107605;61163;3176;1458;"BC-SOC";9882;"BC-DVG";15950;"BC-VEC";6931;"BC-UMP";7137;"BC-FN";16629;;;;;;;;
34;"HERAULT";5;92480;54208;3432;1645;"BC-SOC";25068;"BC-DVG";2703;"BC-FN";21360;;;;;;;;;;;;
34;"HERAULT";6;87820;46430;3256;1247;"BC-SOC";8239;"BC-UG";5016;"BC-UD";5559;"BC-FN";23113;;;;;;;;;;
34;"HERAULT";7;98754;57653;2845;1615;"BC-FG";8801;"BC-SOC";5938;"BC-UG";815;"BC-UD";14684;"BC-FN";22955;;;;;;;;
34;"HERAULT";8;84741;45007;2616;1199;"BC-SOC";10834;"BC-DVG";5368;"BC-UMP";6951;"BC-UD";2456;"BC-FN";15583;;;;;;;;
34;"HERAULT";9;79008;41816;2651;1216;"BC-SOC";6585;"BC-DVG";6312;"BC-UMP";9204;"BC-FN";15848;;;;;;;;;;
35;"ILLE ET VILAINE";1;87878;41627;2146;1109;"BC-SOC";22372;"BC-UC";2840;"BC-UMP";2872;"BC-UD";5948;"BC-DVD";4340;;;;;;;;
35;"ILLE ET VILAINE";2;88975;45437;2079;996;"BC-SOC";22188;"BC-DVG";882;"BC-UDI";315;"BC-UD";16802;"BC-DVD";2175;;;;;;;;
35;"ILLE ET VILAINE";3;83110;42670;2185;1102;"BC-SOC";5079;"BC-UG";11300;"BC-DVG";5488;"BC-UMP";3001;"BC-DVD";12374;"BC-FN";2141;;;;;;
35;"ILLE ET VILAINE";4;86881;43683;2875;1235;"BC-SOC";7768;"BC-UG";10187;"BC-UDI";5350;"BC-UD";7533;"BC-DVD";850;"BC-FN";7885;;;;;;
35;"ILLE ET VILAINE";5;71265;33921;1807;893;"BC-SOC";3043;"BC-UG";5280;"BC-UC";3194;"BC-UMP";8596;"BC-UD";257;"BC-DVD";7294;"BC-FN";3557;;;;
35;"ILLE ET VILAINE";6;85029;43021;2384;1431;"BC-SOC";5909;"BC-DVG";9397;"BC-UDI";6247;"BC-UD";6312;"BC-DVD";10404;"BC-FN";937;;;;;;
35;"ILLE ET VILAINE";7;96393;48261;2599;1424;"BC-UG";8013;"BC-DVG";7367;"BC-UD";17596;"BC-DVD";8274;"BC-FN";2988;;;;;;;;
35;"ILLE ET VILAINE";8;79140;37801;1878;919;"BC-SOC";20935;"BC-UMP";6263;"BC-UD";3481;"BC-DVD";4325;;;;;;;;;;
36;"INDRE";1;65259;32932;2442;1464;"BC-SOC";1715;"BC-UG";3836;"BC-UD";18409;"BC-FN";5066;;;;;;;;;;
36;"INDRE";2;65628;37034;2071;1025;"BC-SOC";6668;"BC-UG";2810;"BC-UD";15435;"BC-FN";9025;;;;;;;;;;
37;"INDRE ET LOIRE";1;67624;30618;1477;862;"BC-SOC";6580;"BC-UG";7175;"BC-UD";14524;;;;;;;;;;;;
37;"INDRE ET LOIRE";2;86009;45561;2165;879;"BC-SOC";16047;"BC-UD";19828;"BC-FN";6642;;;;;;;;;;;;
37;"INDRE ET LOIRE";3;95901;50759;2954;1262;"BC-SOC";14316;"BC-UD";26764;"BC-FN";5463;;;;;;;;;;;;
37;"INDRE ET LOIRE";4;88914;44710;3848;1384;"BC-SOC";4722;"BC-UD";26231;"BC-FN";8525;;;;;;;;;;;;
37;"INDRE ET LOIRE";5;81867;42375;2802;1174;"BC-SOC";9921;"BC-UG";4971;"BC-UD";15324;"BC-FN";8183;;;;;;;;;;
38;"ISERE";1;82108;39030;3259;908;"BC-UG";16486;"BC-DVG";5349;"BC-UD";13028;;;;;;;;;;;;
38;"ISERE";2;76163;36705;2598;822;"BC-UG";18429;"BC-UD";3612;"BC-FN";11244;;;;;;;;;;;;
38;"ISERE";3;59336;24463;2623;984;"BC-UG";10018;"BC-DVG";6803;"BC-UD";4035;;;;;;;;;;;;
38;"ISERE";4;88668;45223;2749;1076;"BC-UG";14947;"BC-UD";22019;"BC-FN";4432;;;;;;;;;;;;
38;"ISERE";5;99476;49115;3074;1067;"BC-UG";20186;"BC-UD";21607;"BC-FN";3181;;;;;;;;;;;;
38;"ISERE";6;79750;37574;2778;853;"BC-UD";20514;"BC-FN";13429;;;;;;;;;;;;;;
38;"ISERE";7;89594;46524;3473;1235;"BC-UG";4170;"BC-UD";22707;"BC-FN";14939;;;;;;;;;;;;
38;"ISERE";8;76442;37342;2918;1038;"BC-UG";6253;"BC-UD";13230;"BC-FN";13903;;;;;;;;;;;;
38;"ISERE";9;94581;49347;2602;687;"BC-UG";15359;"BC-DVG";5255;"BC-DIV";6906;"BC-UD";9747;"BC-FN";8791;;;;;;;;
38;"ISERE";10;89527;42282;3135;1042;"BC-UD";23680;"BC-FN";14425;;;;;;;;;;;;;;
39;"JURA";1;64732;37594;2334;895;"BC-SOC";3114;"BC-UG";1873;"BC-DVG";4589;"BC-UMP";2847;"BC-UD";15345;"BC-FN";6597;;;;;;
39;"JURA";2;42493;22266;1593;512;"BC-DVG";3800;"BC-UDI";2259;"BC-UD";8190;"BC-DVD";1922;"BC-FN";3990;;;;;;;;
39;"JURA";3;68184;39645;1371;542;"BC-UG";4897;"BC-DVG";8355;"BC-UD";13919;"BC-FN";10561;;;;;;;;;;
40;"LANDES";1;98530;54462;3365;1474;"BC-SOC";19373;"BC-UD";26751;"BC-FN";3499;;;;;;;;;;;;
40;"LANDES";2;107389;55175;5235;2501;"BC-FG";4471;"BC-SOC";21488;"BC-UD";21480;;;;;;;;;;;;
40;"LANDES";3;75742;45992;2107;1209;"BC-SOC";17522;"BC-UG";5310;"BC-UD";19844;;;;;;;;;;;;
41;"LOIR ET CHER";1;81886;43443;2287;753;"BC-SOC";8154;"BC-UG";584;"BC-DVG";3989;"BC-MDM";5371;"BC-UDI";80;"BC-UMP";407;"BC-UD";7776;"BC-DVD";4043;"BC-FN";9999
41;"LOIR ET CHER";2;79004;43972;2121;941;"BC-UG";3644;"BC-DVG";5793;"BC-UDI";3320;"BC-UMP";6882;"BC-UD";7548;"BC-DVD";3262;"BC-FN";10461;;;;
41;"LOIR ET CHER";3;47471;26262;1886;620;"BC-SOC";2149;"BC-MDM";188;"BC-UD";14194;"BC-FN";7225;;;;;;;;;;
42;"LOIRE";1;67526;31623;1327;618;"BC-SOC";5346;"BC-UG";4980;"BC-VEC";3743;"BC-UDI";4354;"BC-UD";28;"BC-DVD";4423;"BC-FN";6804;;;;
42;"LOIRE";2;55679;25111;1665;657;"BC-SOC";6326;"BC-UG";4023;"BC-DVG";1418;"BC-VEC";202;"BC-UDI";118;"BC-UD";6046;"BC-DVD";313;"BC-FN";4343;;
42;"LOIRE";3;81003;39252;3013;689;"BC-DVG";354;"BC-UD";507;"BC-DVD";21729;"BC-FN";12960;;;;;;;;;;
42;"LOIRE";4;99342;51736;2322;914;"BC-FG";6036;"BC-DVG";7597;"BC-UD";9163;"BC-DVD";10815;"BC-FN";14889;;;;;;;;
42;"LOIRE";5;101213;54426;1972;900;"BC-SOC";6838;"BC-UG";3537;"BC-DVG";4758;"BC-UMP";11485;"BC-DVD";9927;"BC-FN";15009;;;;;;
42;"LOIRE";6;105501;56183;1790;682;"BC-SOC";1245;"BC-DVG";10864;"BC-UMP";1326;"BC-DVD";24369;"BC-FN";15907;;;;;;;;
43;"HAUTE LOIRE";1;75251;39957;2255;1304;"BC-SOC";5606;"BC-DVG";3090;"BC-DIV";3164;"BC-UD";14251;"BC-DVD";1858;"BC-FN";8429;;;;;;
43;"HAUTE LOIRE";2;55344;29272;1690;1058;"BC-SOC";6378;"BC-UG";1406;"BC-DVG";1921;"BC-UD";14540;"BC-FN";2279;;;;;;;;
44;"LOIRE ATLANTIQUE";1;72896;35962;1863;469;"BC-SOC";16755;"BC-UD";16875;;;;;;;;;;;;;;
44;"LOIRE ATLANTIQUE";2;82297;38578;1824;720;"BC-SOC";20727;"BC-UD";13868;"BC-FN";1439;;;;;;;;;;;;
44;"LOIRE ATLANTIQUE";3;88697;39861;2616;873;"BC-SOC";19302;"BC-UG";1941;"BC-DVG";840;"BC-UD";14289;;;;;;;;;;
44;"LOIRE ATLANTIQUE";4;85616;40300;2265;1106;"BC-SOC";20535;"BC-DVG";1049;"BC-UD";15345;;;;;;;;;;;;
44;"LOIRE ATLANTIQUE";5;110994;56001;3158;1265;"BC-SOC";12443;"BC-DVG";12043;"BC-UD";25720;"BC-FN";1372;;;;;;;;;;
44;"LOIRE ATLANTIQUE";6;107921;55037;3431;1707;"BC-SOC";6348;"BC-UG";2049;"BC-DVG";13994;"BC-UD";27508;;;;;;;;;;
44;"LOIRE ATLANTIQUE";7;104010;50084;2967;1297;"BC-SOC";13704;"BC-DVG";5724;"BC-UD";26082;"BC-FN";310;;;;;;;;;;
44;"LOIRE ATLANTIQUE";8;82702;37253;2366;1198;"BC-SOC";16959;"BC-UG";4102;"BC-UD";8612;"BC-FN";4016;;;;;;;;;;
44;"LOIRE ATLANTIQUE";9;111837;56670;3392;1594;"BC-UG";6375;"BC-DVG";11611;"BC-UD";30133;"BC-FN";3565;;;;;;;;;;
44;"LOIRE ATLANTIQUE";10;110155;55173;2594;1555;"BC-SOC";13824;"BC-DVG";7027;"BC-UD";30173;;;;;;;;;;;;
45;"LOIRET";1;53200;25756;1233;547;"BC-SOC";3464;"BC-UG";4336;"BC-UD";12535;"BC-FN";3641;;;;;;;;;;
45;"LOIRET";2;83152;39650;2727;1078;"BC-SOC";61;"BC-UG";8293;"BC-UD";17161;"BC-FN";10330;;;;;;;;;;
45;"LOIRET";3;70375;37717;2400;939;"BC-UG";2617;"BC-UD";20061;"BC-FN";11700;;;;;;;;;;;;
45;"LOIRET";4;74850;37181;2245;868;"BC-UD";20342;"BC-FN";13726;;;;;;;;;;;;;;
45;"LOIRET";5;73254;36771;2003;711;"BC-UG";3702;"BC-UD";17876;"BC-FN";12479;;;;;;;;;;;;
45;"LOIRET";6;69838;35511;1971;787;"BC-UG";13305;"BC-UD";10497;"BC-FN";8951;;;;;;;;;;;;
46;"LOT";1;49948;28192;2144;1486;"BC-SOC";5485;"BC-UG";5382;"BC-RDG";2103;"BC-DVG";3680;"BC-UDI";2858;"BC-DVD";2250;"BC-FN";2804;;;;
46;"LOT";2;61249;36293;2637;1635;"BC-FG";1237;"BC-SOC";9169;"BC-UG";5479;"BC-DVG";4292;"BC-UDI";1565;"BC-UMP";2053;"BC-DVD";5077;"BC-FN";3149;;
47;"LOT ET GARONNE";1;86776;50446;2668;1454;"BC-SOC";10738;"BC-UG";2579;"BC-DVG";3924;"BC-DIV";3379;"BC-UMP";5841;"BC-UD";2348;"BC-DVD";6493;"BC-FN";11022;;
47;"LOT ET GARONNE";2;76898;47359;1304;751;"BC-SOC";10510;"BC-DVG";5985;"BC-UMP";3417;"BC-UD";2592;"BC-DVD";11461;"BC-FN";11339;;;;;;
47;"LOT ET GARONNE";3;75812;47288;2204;1247;"BC-SOC";13093;"BC-DVG";2949;"BC-UMP";5631;"BC-UD";3343;"BC-DVD";7556;"BC-FN";11265;;;;;;
48;"LOZERE";1;49123;33511;1429;1127;"BC-SOC";2309;"BC-UG";2777;"BC-DVG";5874;"BC-MDM";1518;"BC-UMP";3771;"BC-UD";1431;"BC-DVD";13275;;;;
49;"MAINE ET LOIRE";1;82422;39421;2366;1038;"BC-SOC";14178;"BC-UD";19932;"BC-FN";1907;;;;;;;;;;;;
49;"MAINE ET LOIRE";2;88159;42526;2477;1296;"BC-SOC";15390;"BC-UG";2309;"BC-UD";18916;"BC-DVD";2138;;;;;;;;;;
49;"MAINE ET LOIRE";3;68651;34896;2368;878;"BC-SOC";3042;"BC-UG";862;"BC-UD";19291;"BC-FN";8455;;;;;;;;;;
49;"MAINE ET LOIRE";4;63367;33133;1571;632;"BC-SOC";1082;"BC-UG";9364;"BC-UD";12189;"BC-DVD";2199;"BC-FN";6096;;;;;;;;
49;"MAINE ET LOIRE";5;54577;22472;1257;758;"BC-SOC";4069;"BC-UG";3501;"BC-UD";12887;;;;;;;;;;;;
49;"MAINE ET LOIRE";6;93361;45406;3302;1449;"BC-SOC";6566;"BC-UG";2098;"BC-UD";21724;"BC-DVD";6793;"BC-FN";3474;;;;;;;;
49;"MAINE ET LOIRE";7;76011;37015;2608;978;"BC-SOC";2142;"BC-UG";1183;"BC-DVG";6051;"BC-UD";20040;"BC-FN";4013;;;;;;;;
50;"MANCHE";1;86427;44142;2428;1197;"BC-SOC";3124;"BC-UDI";4219;"BC-UMP";52;"BC-UD";3337;"BC-DVD";19734;"BC-FN";10051;;;;;;
50;"MANCHE";2;80079;40990;2858;1307;"BC-DVG";5916;"BC-UMP";4698;"BC-UD";629;"BC-DVD";21612;"BC-FN";3970;;;;;;;;
50;"MANCHE";3;106443;51972;3631;1441;"BC-SOC";2410;"BC-DVG";6254;"BC-UDI";3092;"BC-UMP";9364;"BC-UD";3001;"BC-DVD";16546;"BC-FN";6233;;;;
50;"MANCHE";4;88391;40915;2433;1123;"BC-SOC";14483;"BC-DVG";3406;"BC-UMP";5641;"BC-UD";3819;"BC-DVD";6664;"BC-FN";3346;;;;;;
51;"MARNE";1;69781;31526;1901;784;"BC-SOC";1463;"BC-UDI";2645;"BC-UMP";9552;"BC-UD";6439;"BC-FN";8742;;;;;;;;
51;"MARNE";2;67942;31340;1575;655;"BC-SOC";5746;"BC-UDI";1029;"BC-UMP";13359;"BC-UD";1011;"BC-FN";7965;;;;;;;;
51;"MARNE";3;66528;31680;1686;469;"BC-SOC";6619;"BC-UDI";42;"BC-UMP";9038;"BC-UD";3368;"BC-FN";10458;;;;;;;;
51;"MARNE";4;78368;39459;2047;907;"BC-SOC";7376;"BC-UMP";10188;"BC-UD";4040;"BC-DVD";2407;"BC-FN";12494;;;;;;;;
51;"MARNE";5;77490;41232;1811;786;"BC-SOC";3017;"BC-UDI";5028;"BC-UMP";7603;"BC-UD";2755;"BC-DVD";5253;"BC-FN";14979;;;;;;
52;"HAUTE MARNE";1;58470;30662;1850;905;"BC-SOC";6193;"BC-UG";2728;"BC-UMP";6748;"BC-DVD";5910;"BC-FN";6328;;;;;;;;
52;"HAUTE MARNE";2;53819;28307;1436;605;"BC-SOC";1400;"BC-UMP";4828;"BC-DVD";8839;"BC-FN";11199;;;;;;;;;;
53;"MAYENNE";1;65991;33193;2086;1006;"BC-UG";8364;"BC-UD";14935;"BC-DVD";3387;"BC-FN";3415;;;;;;;;;;
53;"MAYENNE";2;59194;28352;1674;729;"BC-UG";4950;"BC-UD";17210;"BC-FN";3789;;;;;;;;;;;;
53;"MAYENNE";3;57084;27725;1961;975;"BC-UG";5087;"BC-UD";7701;"BC-DVD";11455;"BC-FN";546;;;;;;;;;;
54;"MEURTHE ET MOSELLE";1;78819;37366;1606;609;"BC-SOC";7668;"BC-UG";8440;"BC-UC";6110;"BC-UD";9071;"BC-FN";3862;;;;;;;;
54;"MEURTHE ET MOSELLE";2;68292;32669;1233;481;"BC-SOC";14590;"BC-UC";136;"BC-UDI";4335;"BC-UD";9914;"BC-FN";1980;;;;;;;;
54;"MEURTHE ET MOSELLE";3;83006;33118;2198;832;"BC-FG";9285;"BC-SOC";4318;"BC-DVG";4322;"BC-FN";12163;;;;;;;;;;
54;"MEURTHE ET MOSELLE";4;96746;50035;3147;1318;"BC-SOC";3661;"BC-UG";1096;"BC-UMP";12385;"BC-UD";11607;"BC-FN";16821;;;;;;;;
54;"MEURTHE ET MOSELLE";5;77536;42130;1705;666;"BC-SOC";17965;"BC-UMP";6842;"BC-FN";14952;;;;;;;;;;;;
54;"MEURTHE ET MOSELLE";6;87085;40071;2778;892;"BC-FG";270;"BC-SOC";4831;"BC-UG";3629;"BC-DVG";6403;"BC-UMP";126;"BC-UD";5824;"BC-FN";15318;;;;
55;"MEUSE";1;68208;35638;1956;916;"BC-SOC";6413;"BC-UDI";2981;"BC-UD";4050;"BC-DVD";10023;"BC-FN";9299;;;;;;;;
55;"MEUSE";2;54345;28416;1212;506;"BC-COM";1553;"BC-SOC";4925;"BC-UDI";1996;"BC-UMP";6325;"BC-DVD";6759;"BC-FN";5140;;;;;;
56;"MORBIHAN";1;102323;51439;2761;1261;"BC-UG";10931;"BC-DVG";5847;"BC-UD";29200;"BC-FN";1439;;;;;;;;;;
56;"MORBIHAN";2;100840;49894;2486;1626;"BC-SOC";5065;"BC-UG";7727;"BC-DVG";4838;"BC-UD";28152;;;;;;;;;;
56;"MORBIHAN";3;62096;32781;1727;1142;"BC-UG";11151;"BC-DVG";3094;"BC-UD";15622;"BC-FN";45;;;;;;;;;;
56;"MORBIHAN";4;103296;51505;4278;1597;"BC-UG";3352;"BC-DVG";3505;"BC-UD";21397;"BC-DVD";11401;"BC-FN";5975;;;;;;;;
56;"MORBIHAN";5;79974;37714;3222;1162;"BC-UG";10426;"BC-DVG";4029;"BC-UD";10314;"BC-DVD";3894;"BC-FN";4667;;;;;;;;
56;"MORBIHAN";6;90047;45601;2565;1595;"BC-SOC";189;"BC-UG";3637;"BC-DVG";14412;"BC-UD";20377;"BC-DVD";2402;"BC-FN";424;;;;;;
57;"MOSELLE";1;90658;39040;2499;824;"BC-SOC";10161;"BC-UMP";9115;"BC-UD";2799;"BC-FN";13642;;;;;;;;;;
57;"MOSELLE";2;76696;34294;2140;719;"BC-SOC";2847;"BC-UMP";6246;"BC-UD";9927;"BC-DVD";3121;"BC-FN";9294;;;;;;;;
57;"MOSELLE";3;74654;34175;2431;734;"BC-SOC";9405;"BC-UD";1292;"BC-DVD";9036;"BC-FN";11277;;;;;;;;;;
57;"MOSELLE";4;81901;42900;2162;634;"BC-UMP";7405;"BC-UD";6493;"BC-DVD";11560;"BC-FN";14646;;;;;;;;;;
57;"MOSELLE";5;74787;35196;1590;679;"BC-UDI";6637;"BC-UMP";3147;"BC-DVD";14492;"BC-FN";8651;;;;;;;;;;
57;"MOSELLE";6;71996;29071;1054;372;"BC-SOC";4363;"BC-UD";5296;"BC-DVD";5940;"BC-FN";12046;;;;;;;;;;
57;"MOSELLE";7;90965;42640;2263;713;"BC-SOC";981;"BC-UDI";3413;"BC-UD";5574;"BC-DVD";12838;"BC-FN";16858;;;;;;;;
57;"MOSELLE";8;92686;36406;1899;650;"BC-SOC";19597;"BC-UD";761;"BC-FN";13499;;;;;;;;;;;;
57;"MOSELLE";9;98619;42399;2287;701;"BC-SOC";5047;"BC-UDI";19628;"BC-UD";5618;"BC-FN";9118;;;;;;;;;;
58;"NIEVRE";1;77778;38900;3327;904;"BC-SOC";11155;"BC-DVG";527;"BC-DIV";453;"BC-UDI";1599;"BC-UMP";7691;"BC-DVD";3313;"BC-FN";9931;;;;
58;"NIEVRE";2;84194;47982;2539;1393;"BC-SOC";12327;"BC-DVG";5421;"BC-DIV";1658;"BC-UMP";5321;"BC-DVD";7908;"BC-FN";11415;;;;;;
59;"NORD";1;59401;23943;1306;582;"BC-SOC";9689;"BC-UD";7620;"BC-FN";4746;;;;;;;;;;;;
59;"NORD";2;86687;37705;2259;996;"BC-SOC";11962;"BC-UG";8854;"BC-UD";6795;"BC-FN";6839;;;;;;;;;;
59;"NORD";3;95913;42840;2567;1210;"BC-COM";3161;"BC-UD";19206;"BC-FN";16696;;;;;;;;;;;;
59;"NORD";4;97952;44001;2446;1191;"BC-SOC";806;"BC-UD";28588;"BC-FN";10970;;;;;;;;;;;;
59;"NORD";5;97886;48625;3547;1428;"BC-SOC";543;"BC-UD";26190;"BC-FN";16917;;;;;;;;;;;;
59;"NORD";6;86745;46079;2898;1272;"BC-UG";909;"BC-UD";28094;"BC-FN";12906;;;;;;;;;;;;
59;"NORD";7;72125;30935;1991;845;"BC-SOC";1679;"BC-UG";434;"BC-UD";16990;"BC-FN";8996;;;;;;;;;;
59;"NORD";8;67773;25621;1194;472;"BC-SOC";8223;"BC-UD";6094;"BC-FN";9638;;;;;;;;;;;;
59;"NORD";9;37824;14347;1003;319;"BC-SOC";3467;"BC-UD";5839;"BC-FN";3719;;;;;;;;;;;;
59;"NORD";10;81762;33343;2186;829;"BC-UD";18987;"BC-FN";11341;;;;;;;;;;;;;;
59;"NORD";11;89837;42860;1137;612;"BC-SOC";16044;"BC-UD";14839;"BC-FN";10228;;;;;;;;;;;;
59;"NORD";12;93161;45055;2891;1294;"BC-COM";5863;"BC-SOC";108;"BC-UD";17463;"BC-FN";17436;;;;;;;;;;
59;"NORD";13;89717;43818;2637;955;"BC-SOC";14755;"BC-UG";3402;"BC-UD";4180;"BC-FN";17889;;;;;;;;;;
59;"NORD";14;99082;53135;2905;1377;"BC-SOC";3790;"BC-UG";8171;"BC-UD";17602;"BC-FN";19290;;;;;;;;;;
59;"NORD";15;95439;51344;2387;1296;"BC-SOC";6307;"BC-UD";25060;"BC-FN";16294;;;;;;;;;;;;
59;"NORD";16;82823;37763;2492;1021;"BC-FG";5832;"BC-SOC";10540;"BC-UD";1569;"BC-FN";16309;;;;;;;;;;
59;"NORD";17;74113;34630;2007;891;"BC-FG";4458;"BC-UD";13882;"BC-FN";13392;;;;;;;;;;;;
59;"NORD";18;91374;45671;2215;952;"BC-SOC";2023;"BC-UD";24812;"BC-FN";15669;;;;;;;;;;;;
59;"NORD";19;78842;37257;1904;767;"BC-FG";17997;"BC-DVG";207;"BC-FN";16382;;;;;;;;;;;;
59;"NORD";20;81342;34590;1584;909;"BC-DVG";9735;"BC-UD";2291;"BC-DVD";5658;"BC-FN";14413;;;;;;;;;;
59;"NORD";21;81356;35197;1998;970;"BC-FG";1489;"BC-DVG";850;"BC-UD";16201;"BC-DVD";1170;"BC-FN";12519;;;;;;;;
60;"OISE";1;81722;45610;2593;1144;"BC-UG";2188;"BC-UD";23453;"BC-FN";16232;;;;;;;;;;;;
60;"OISE";2;87243;47155;2777;1075;"BC-UG";302;"BC-UD";23941;"BC-FN";19060;;;;;;;;;;;;
60;"OISE";3;72578;34784;2095;842;"BC-UG";9499;"BC-DVG";5622;"BC-UD";2552;"BC-FN";14174;;;;;;;;;;
60;"OISE";4;91479;43782;2694;974;"BC-UG";1210;"BC-UD";23727;"BC-FN";15177;;;;;;;;;;;;
60;"OISE";5;72071;35886;2501;791;"BC-UG";5037;"BC-UD";13281;"BC-FN";14276;;;;;;;;;;;;
60;"OISE";6;75060;39983;2617;941;"BC-UG";5363;"BC-DVG";6200;"BC-UD";8726;"BC-FN";16136;;;;;;;;;;
60;"OISE";7;76104;39592;1848;690;"BC-UG";6884;"BC-DVG";57;"BC-UD";15986;"BC-FN";14127;;;;;;;;;;
61;"ORNE";1;56842;30462;1634;654;"BC-SOC";4437;"BC-UG";4674;"BC-DVG";1405;"BC-MDM";23;"BC-UDI";1947;"BC-UD";8003;"BC-DVD";3549;"BC-FN";4136;;
61;"ORNE";2;66524;36654;1758;529;"BC-MDM";1662;"BC-UD";8082;"BC-DVD";14439;"BC-FN";10184;;;;;;;;;;
61;"ORNE";3;66151;36709;2196;645;"BC-SOC";2759;"BC-UG";8515;"BC-DVG";805;"BC-UMP";1467;"BC-UD";3831;"BC-DVD";7220;"BC-FN";9271;;;;
62;"PAS DE CALAIS";1;103568;59471;3592;1853;"BC-FG";127;"BC-SOC";7917;"BC-UG";372;"BC-UD";14695;"BC-DVD";7591;"BC-FN";23324;;;;;;
62;"PAS DE CALAIS";2;84148;46765;1770;1037;"BC-FG";108;"BC-COM";129;"BC-SOC";10515;"BC-UG";6677;"BC-UD";13414;"BC-FN";13115;;;;;;
62;"PAS DE CALAIS";3;85841;41350;1967;1474;"BC-FG";6377;"BC-COM";4903;"BC-SOC";7957;"BC-FN";18672;;;;;;;;;;
62;"PAS DE CALAIS";4;87782;47271;2603;1234;"BC-SOC";5844;"BC-UD";15042;"BC-DVD";7975;"BC-FN";14573;;;;;;;;;;
62;"PAS DE CALAIS";5;89774;43624;3266;1336;"BC-SOC";21200;"BC-UD";764;"BC-FN";17058;;;;;;;;;;;;
62;"PAS DE CALAIS";6;83646;50553;2185;1179;"BC-SOC";19819;"BC-UMP";187;"BC-UD";8086;"BC-DVD";2080;"BC-FN";17017;;;;;;;;
62;"PAS DE CALAIS";7;92624;42987;2026;1164;"BC-SOC";6703;"BC-UMP";5732;"BC-UD";11575;"BC-FN";15787;;;;;;;;;;
62;"PAS DE CALAIS";8;73925;40272;1523;1128;"BC-FG";2205;"BC-COM";2179;"BC-SOC";5659;"BC-DVG";6773;"BC-UD";5261;"BC-DVD";1773;"BC-FN";13771;;;;
62;"PAS DE CALAIS";9;79341;41762;2340;1153;"BC-COM";3813;"BC-SOC";6234;"BC-UG";8302;"BC-DVG";345;"BC-UD";3535;"BC-FN";16040;;;;;;
62;"PAS DE CALAIS";10;90472;44224;2159;1242;"BC-FG";3529;"BC-SOC";4226;"BC-UG";14150;"BC-FN";18918;;;;;;;;;;
62;"PAS DE CALAIS";11;94527;46605;1684;1124;"BC-FG";1348;"BC-COM";1740;"BC-SOC";11940;"BC-DVG";6420;"BC-FN";22349;;;;;;;;
62;"PAS DE CALAIS";12;95208;46686;2029;1182;"BC-SOC";9589;"BC-UG";13229;"BC-FN";20657;;;;;;;;;;;;
63;"PUY DE DOME";1;81684;37230;2192;1143;"BC-SOC";2392;"BC-UG";15903;"BC-UD";14100;"BC-FN";1500;;;;;;;;;;
63;"PUY DE DOME";2;66695;36595;2470;1557;"BC-FG";2872;"BC-SOC";3934;"BC-UG";12169;"BC-UD";13593;;;;;;;;;;
63;"PUY DE DOME";3;73637;37156;2040;992;"BC-UG";14384;"BC-UD";17134;"BC-DVD";2606;;;;;;;;;;;;
63;"PUY DE DOME";4;96167;49045;3140;1519;"BC-FG";2466;"BC-SOC";184;"BC-UG";14621;"BC-DVG";6629;"BC-UD";19173;"BC-FN";1313;;;;;;
63;"PUY DE DOME";5;92177;49908;3876;2154;"BC-FG";6356;"BC-UG";19569;"BC-UD";8504;"BC-DVD";3192;"BC-FN";6257;;;;;;;;
64;"PYRENEES ATLANTIQUES";1;70499;34960;1817;1149;"BC-SOC";13141;"BC-UG";404;"BC-DVG";1908;"BC-MDM";1813;"BC-UC";4970;"BC-UDI";647;"BC-UMP";5415;"BC-UD";3328;"BC-DVD";368
64;"PYRENEES ATLANTIQUES";2;78770;43263;2248;1353;"BC-SOC";11910;"BC-UG";3125;"BC-DVG";3743;"BC-MDM";7800;"BC-UDI";1031;"BC-UD";3088;"BC-DVD";8965;;;;
64;"PYRENEES ATLANTIQUES";3;82655;46580;2604;1654;"BC-SOC";6388;"BC-DVG";14943;"BC-MDM";29;"BC-UC";8542;"BC-UDI";4059;"BC-UD";4123;"BC-DVD";4238;;;;
64;"PYRENEES ATLANTIQUES";4;80466;49862;2661;1619;"BC-SOC";4873;"BC-DVG";7525;"BC-DIV";7712;"BC-MDM";4568;"BC-UDI";1133;"BC-UD";7496;"BC-DVD";12275;;;;
64;"PYRENEES ATLANTIQUES";5;87438;43419;2493;1244;"BC-SOC";10130;"BC-UG";2665;"BC-DIV";8204;"BC-MDM";1197;"BC-UD";15395;"BC-FN";2091;;;;;;
64;"PYRENEES ATLANTIQUES";6;97222;47023;3023;1450;"BC-UG";7846;"BC-DIV";9416;"BC-UDI";3794;"BC-UMP";5619;"BC-UD";6621;"BC-DVD";9254;;;;;;
65;"HAUTES PYRENEES";1;84028;44907;3070;2037;"BC-FG";461;"BC-SOC";12803;"BC-UG";7058;"BC-RDG";9994;"BC-DVG";512;"BC-UD";5610;"BC-DVD";2011;"BC-FN";1351;;
65;"HAUTES PYRENEES";2;83243;46516;2977;2052;"BC-FG";2083;"BC-SOC";5002;"BC-UG";1507;"BC-RDG";8786;"BC-DVG";6331;"BC-UD";10312;"BC-DVD";5679;"BC-FN";1787;;
66;"PYRENEES ORIENTALES";1;69254;37931;2073;1210;"BC-COM";3744;"BC-SOC";5171;"BC-UG";434;"BC-UMP";8499;"BC-UD";1925;"BC-FN";14875;;;;;;
66;"PYRENEES ORIENTALES";2;93415;56768;2163;1414;"BC-UG";5642;"BC-DIV";5771;"BC-UMP";9618;"BC-UD";7251;"BC-DVD";5434;"BC-FN";19475;;;;;;
66;"PYRENEES ORIENTALES";3;82263;47258;2359;1416;"BC-COM";921;"BC-SOC";14127;"BC-UMP";796;"BC-UD";14680;"BC-DVD";1136;"BC-FN";11823;;;;;;
66;"PYRENEES ORIENTALES";4;95208;57560;2012;1020;"BC-SOC";15772;"BC-UG";8894;"BC-UMP";6918;"BC-DVD";4971;"BC-FN";17973;;;;;;;;
67;"BAS RHIN";1;65920;27080;1278;441;"BC-SOC";15170;"BC-UD";6747;"BC-FN";3444;;;;;;;;;;;;
67;"BAS RHIN";2;71852;30193;1651;770;"BC-SOC";9288;"BC-UMP";5131;"BC-UD";11219;"BC-FN";2134;;;;;;;;;;
67;"BAS RHIN";3;68435;29011;1659;685;"BC-SOC";5216;"BC-UMP";1494;"BC-UD";10536;"BC-DVD";5178;"BC-FN";4243;;;;;;;;
67;"BAS RHIN";4;91904;42294;2102;971;"BC-UMP";25748;"BC-DVD";3645;"BC-FN";9828;;;;;;;;;;;;
67;"BAS RHIN";5;101882;50071;2568;1120;"BC-UMP";19361;"BC-UD";10224;"BC-FN";16798;;;;;;;;;;;;
67;"BAS RHIN";6;94009;45527;2169;886;"BC-UDI";2485;"BC-UMP";25392;"BC-FN";14595;;;;;;;;;;;;
67;"BAS RHIN";7;85366;42833;1925;870;"BC-UDI";8751;"BC-UMP";16113;"BC-FN";15174;;;;;;;;;;;;
67;"BAS RHIN";8;94054;44949;2009;846;"BC-UMP";26059;"BC-FN";16035;;;;;;;;;;;;;;
67;"BAS RHIN";9;90588;40500;1821;811;"BC-UMP";14986;"BC-UD";9522;"BC-FN";13360;;;;;;;;;;;;
68;"HAUT RHIN";1;76197;35575;2017;650;"BC-UD";22236;"BC-FN";10672;;;;;;;;;;;;;;
68;"HAUT RHIN";2;91985;46674;2331;841;"BC-DVG";4627;"BC-UD";24496;"BC-FN";14379;;;;;;;;;;;;
68;"HAUT RHIN";3;84858;40234;2186;1150;"BC-UD";19866;"BC-DVD";4867;"BC-FN";12165;;;;;;;;;;;;
68;"HAUT RHIN";4;101555;49464;2895;1025;"BC-DVG";4877;"BC-UD";18635;"BC-DVD";3637;"BC-FN";18395;;;;;;;;;;
68;"HAUT RHIN";5;68247;28453;2182;105;"BC-UD";18653;"BC-FN";7513;;;;;;;;;;;;;;
68;"HAUT RHIN";6;74513;33289;1879;507;"BC-DVG";2628;"BC-UD";16008;"BC-FN";12267;;;;;;;;;;;;
69;"RHONE";5;4955;2022;199;52;"BC-UDI";944;"BC-UMP";827;;;;;;;;;;;;;;
69;"RHONE";8;73724;36368;2852;997;"BC-SOC";4371;"BC-UDI";903;"BC-UMP";5970;"BC-UD";10432;"BC-FN";10843;;;;;;;;
69;"RHONE";9;88352;41617;2413;876;"BC-UDI";10957;"BC-UMP";9863;"BC-UD";5600;"BC-FN";11908;;;;;;;;;;
69;"RHONE";10;59289;29738;1869;616;"BC-SOC";3024;"BC-UDI";7763;"BC-UMP";8160;"BC-FN";8306;;;;;;;;;;
69;"RHONE";11;62887;31247;2613;778;"BC-UDI";599;"BC-UMP";17853;"BC-FN";9404;;;;;;;;;;;;
69;"RHONE";13;24543;11266;510;190;"BC-UMP";6800;"BC-FN";3766;;;;;;;;;;;;;;
70;"HAUTE SAONE";1;88681;53428;2403;1427;"BC-SOC";5957;"BC-DVG";7543;"BC-UMP";18487;"BC-UD";983;"BC-DVD";3740;"BC-FN";12888;;;;;;
70;"HAUTE SAONE";2;90843;55115;2252;1628;"BC-SOC";15265;"BC-DVG";8118;"BC-UMP";5481;"BC-UD";791;"BC-DVD";3893;"BC-FN";17687;;;;;;
71;"SAONE ET LOIRE";1;62246;30138;1814;651;"BC-SOC";4486;"BC-UG";3632;"BC-UD";14739;"BC-FN";4816;;;;;;;;;;
71;"SAONE ET LOIRE";2;50642;25369;1556;877;"BC-FG";1082;"BC-SOC";2094;"BC-UG";5411;"BC-DVG";2432;"BC-UD";5562;"BC-DVD";5907;"BC-FN";448;;;;
71;"SAONE ET LOIRE";3;83484;42960;2499;1372;"BC-SOC";6563;"BC-UG";6873;"BC-DVG";2904;"BC-UMP";1634;"BC-UD";12039;"BC-DVD";2044;"BC-FN";7032;;;;
71;"SAONE ET LOIRE";4;81304;44526;2200;1063;"BC-SOC";7382;"BC-UG";6096;"BC-UMP";5735;"BC-UD";12272;"BC-FN";9778;;;;;;;;
71;"SAONE ET LOIRE";5;90320;42954;2320;1199;"BC-FG";1874;"BC-SOC";9187;"BC-UG";6344;"BC-UD";16659;"BC-DVD";836;"BC-FN";4535;;;;;;
72;"SARTHE";1;70234;35578;3200;647;"BC-SOC";3221;"BC-UG";4006;"BC-UMP";9736;"BC-UD";8044;"BC-DVD";632;"BC-FN";6092;;;;;;
72;"SARTHE";2;82641;40846;3111;563;"BC-SOC";10352;"BC-UG";6886;"BC-DVG";725;"BC-UMP";3041;"BC-UD";7959;"BC-FN";8209;;;;;;
72;"SARTHE";3;85092;44637;2906;1162;"BC-UG";6830;"BC-DVG";989;"BC-UMP";5314;"BC-UD";9742;"BC-DVD";4324;"BC-FN";13370;;;;;;
72;"SARTHE";4;80355;39451;3421;910;"BC-SOC";5610;"BC-UG";406;"BC-UMP";221;"BC-UD";20174;"BC-FN";8709;;;;;;;;
72;"SARTHE";5;88042;45800;3155;728;"BC-SOC";9457;"BC-DVG";805;"BC-UMP";5650;"BC-UD";7224;"BC-DVD";9900;"BC-FN";8881;;;;;;
73;"SAVOIE";1;83761;42500;2626;1166;"BC-VEC";3019;"BC-UMP";20767;"BC-DVD";3500;"BC-FN";11422;;;;;;;;;;
73;"SAVOIE";2;61990;24250;1786;847;"BC-SOC";4147;"BC-UDI";1349;"BC-UMP";11530;"BC-DVD";3131;"BC-FN";1460;;;;;;;;
73;"SAVOIE";3;71172;35649;2402;1090;"BC-FG";2730;"BC-SOC";7664;"BC-UDI";4305;"BC-UMP";2947;"BC-DVD";7611;"BC-FN";6900;;;;;;
73;"SAVOIE";4;72873;35488;1901;879;"BC-SOC";10634;"BC-DVG";4436;"BC-UDI";3322;"BC-UMP";5896;"BC-DVD";6378;"BC-FN";2042;;;;;;
74;"HAUTE SAVOIE";1;75369;33481;2118;861;"BC-UG";5571;"BC-DVG";5041;"BC-UMP";11246;"BC-UD";6552;"BC-DVD";1937;"BC-FN";155;;;;;;
74;"HAUTE SAVOIE";2;83095;37707;3056;1023;"BC-UMP";4031;"BC-UD";17629;"BC-DVD";5581;"BC-FN";6387;;;;;;;;;;
74;"HAUTE SAVOIE";3;78425;36340;2117;613;"BC-UMP";2087;"BC-DVD";21397;"BC-FN";10126;;;;;;;;;;;;
74;"HAUTE SAVOIE";4;84006;32801;1994;599;"BC-SOC";3069;"BC-UMP";16462;"BC-DVD";4459;"BC-FN";6218;;;;;;;;;;
74;"HAUTE SAVOIE";5;93201;41233;3127;1226;"BC-UMP";25432;"BC-FN";11448;;;;;;;;;;;;;;
74;"HAUTE SAVOIE";6;53337;23856;960;442;"BC-VEC";3893;"BC-UMP";443;"BC-DVD";13799;"BC-FN";4319;;;;;;;;;;
76;"SEINE MARITIME";1;64700;29480;1614;609;"BC-SOC";13162;"BC-UD";14095;;;;;;;;;;;;;;
76;"SEINE MARITIME";2;73588;37658;2387;629;"BC-SOC";5474;"BC-UD";14049;"BC-DVD";4878;"BC-FN";10241;;;;;;;;;;
76;"SEINE MARITIME";3;68989;31920;2085;670;"BC-FG";5582;"BC-SOC";13242;"BC-UD";2003;"BC-FN";8338;;;;;;;;;;
76;"SEINE MARITIME";4;88820;42615;2892;1015;"BC-SOC";24333;"BC-FN";14375;;;;;;;;;;;;;;
76;"SEINE MARITIME";5;94822;47514;2428;896;"BC-UG";21247;"BC-DVG";2612;"BC-UD";4953;"BC-DVD";4489;"BC-FN";10889;;;;;;;;
76;"SEINE MARITIME";6;109509;58629;3977;1391;"BC-FG";5790;"BC-UG";10248;"BC-UD";21713;"BC-FN";15510;;;;;;;;;;
76;"SEINE MARITIME";7;89762;38571;3802;422;"BC-FG";605;"BC-SOC";3240;"BC-UG";3563;"BC-RDG";1562;"BC-UD";18633;"BC-FN";6744;;;;;;
76;"SEINE MARITIME";8;70589;25691;2777;87;"BC-FG";4253;"BC-SOC";2199;"BC-UG";241;"BC-RDG";1532;"BC-UD";7794;"BC-FN";6808;;;;;;
76;"SEINE MARITIME";9;92333;46790;3103;1089;"BC-FG";265;"BC-UG";7433;"BC-DVG";5244;"BC-UD";19897;"BC-DVD";342;"BC-FN";9417;;;;;;
76;"SEINE MARITIME";10;92832;50308;2294;707;"BC-UG";11392;"BC-UD";22436;"BC-FN";13479;;;;;;;;;;;;
77;"SEINE ET MARNE";1;69218;29883;2032;755;"BC-SOC";4644;"BC-UMP";16613;"BC-FN";5839;;;;;;;;;;;;
77;"SEINE ET MARNE";2;78706;37340;3081;956;"BC-UMP";19807;"BC-UD";1513;"BC-FN";11983;;;;;;;;;;;;
77;"SEINE ET MARNE";3;73323;35548;2904;655;"BC-UDI";11639;"BC-UMP";948;"BC-UD";6983;"BC-FN";12419;;;;;;;;;;
77;"SEINE ET MARNE";4;85806;42717;2942;912;"BC-UMP";20247;"BC-UD";1655;"BC-FN";16961;;;;;;;;;;;;
77;"SEINE ET MARNE";5;81515;37206;2242;750;"BC-UMP";21547;"BC-FN";12667;;;;;;;;;;;;;;
77;"SEINE ET MARNE";6;75803;33111;2463;710;"BC-DVG";1972;"BC-UMP";16052;"BC-FN";11914;;;;;;;;;;;;
77;"SEINE ET MARNE";7;82730;37771;2313;893;"BC-DVG";7137;"BC-UMP";8615;"BC-UD";5575;"BC-FN";13238;;;;;;;;;;
77;"SEINE ET MARNE";8;85085;35392;2381;848;"BC-SOC";8569;"BC-UMP";6465;"BC-UD";10210;"BC-FN";6919;;;;;;;;;;
77;"SEINE ET MARNE";9;83703;36784;2633;865;"BC-SOC";10686;"BC-UMP";9835;"BC-FN";12765;;;;;;;;;;;;
77;"SEINE ET MARNE";10;78158;27825;3536;1032;"BC-SOC";6822;"BC-UMP";2999;"BC-UD";8388;"BC-FN";5048;;;;;;;;;;
77;"SEINE ET MARNE";11;63652;26391;1839;375;"BC-SOC";12392;"BC-UMP";975;"BC-UD";8318;"BC-FN";2492;;;;;;;;;;
78;"YVELINES";1;84531;35031;1800;632;"BC-SOC";8123;"BC-UD";19650;"BC-DVD";4826;;;;;;;;;;;;
78;"YVELINES";2;85849;38228;1758;913;"BC-SOC";11527;"BC-UD";23302;"BC-DVD";604;"BC-FN";124;;;;;;;;;;
78;"YVELINES";3;84523;34956;1620;640;"BC-SOC";8044;"BC-UMP";18109;"BC-UD";5640;"BC-FN";903;;;;;;;;;;
78;"YVELINES";4;78975;31589;1348;646;"BC-SOC";9180;"BC-UMP";20415;;;;;;;;;;;;;;
78;"YVELINES";5;73499;29144;894;479;"BC-SOC";2419;"BC-UG";5288;"BC-UMP";20064;;;;;;;;;;;;
78;"YVELINES";6;76507;29034;1616;685;"BC-SOC";4737;"BC-UMP";6667;"BC-UD";13035;"BC-FN";2294;;;;;;;;;;
78;"YVELINES";7;80294;34231;2209;843;"BC-SOC";6567;"BC-UMP";7194;"BC-UD";9232;"BC-DVD";3576;"BC-FN";4610;;;;;;;;
78;"YVELINES";8;72655;32262;2498;892;"BC-UD";18447;"BC-FN";10425;;;;;;;;;;;;;;
78;"YVELINES";9;90370;40823;2606;920;"BC-UMP";12228;"BC-UD";8192;"BC-DVD";3951;"BC-FN";12926;;;;;;;;;;
78;"YVELINES";10;87537;41931;4521;1236;"BC-SOC";2697;"BC-UD";9337;"BC-DVD";15114;"BC-FN";9026;;;;;;;;;;
78;"YVELINES";11;67333;26677;1256;665;"BC-SOC";5252;"BC-UG";5427;"BC-UMP";6153;"BC-UD";7924;;;;;;;;;;
78;"YVELINES";12;67836;29693;1845;608;"BC-SOC";3772;"BC-UMP";10009;"BC-UD";9853;"BC-FN";3606;;;;;;;;;;
79;"DEUX SEVRES";1;88754;42638;2190;1161;"BC-UG";19158;"BC-UMP";2691;"BC-UD";17438;;;;;;;;;;;;
79;"DEUX SEVRES";2;96596;49642;2854;1587;"BC-UG";18833;"BC-DVG";2975;"BC-UD";23393;;;;;;;;;;;;
79;"DEUX SEVRES";3;68643;35082;1634;1002;"BC-UG";13499;"BC-UD";11874;"BC-DVD";4673;"BC-FN";2400;;;;;;;;;;
80;"SOMME";1;83922;42499;2954;1413;"BC-FG";835;"BC-UG";13898;"BC-UMP";5976;"BC-UD";2457;"BC-FN";14966;;;;;;;;
80;"SOMME";2;73720;36222;2595;897;"BC-FG";2110;"BC-SOC";2340;"BC-UG";7451;"BC-UDI";4874;"BC-UD";6423;"BC-DVD";959;"BC-FN";8573;;;;
80;"SOMME";3;84281;47838;4078;1443;"BC-SOC";4637;"BC-UG";2698;"BC-UMP";10845;"BC-UD";5782;"BC-FN";18355;;;;;;;;
80;"SOMME";4;83307;47660;3240;1163;"BC-UG";8164;"BC-UMP";4138;"BC-UD";5520;"BC-DVD";7405;"BC-FN";18030;;;;;;;;
80;"SOMME";5;82205;45436;2358;988;"BC-UG";2165;"BC-DVG";3781;"BC-DIV";5409;"BC-UDI";4770;"BC-UD";6355;"BC-DVD";2029;"BC-FN";17581;;;;
81;"TARN";1;71815;42337;2484;1509;"BC-SOC";8146;"BC-UG";2461;"BC-DVG";3435;"BC-DIV";2724;"BC-UMP";2879;"BC-UD";2666;"BC-DVD";7312;"BC-FN";8721;;
81;"TARN";2;103269;61999;3768;2356;"BC-SOC";11150;"BC-UG";4413;"BC-DVG";11763;"BC-UD";124;"BC-DVD";12188;"BC-FN";16237;;;;;;
81;"TARN";3;99909;59295;3560;1439;"BC-SOC";8733;"BC-UG";3555;"BC-DVG";7305;"BC-UMP";3602;"BC-UD";8124;"BC-DVD";7847;"BC-FN";15130;;;;
82;"TARN ET GARONNE";1;87683;52376;2837;1560;"BC-SOC";7960;"BC-UG";3023;"BC-RDG";2654;"BC-UD";15280;"BC-DVD";8618;"BC-FN";10444;;;;;;
82;"TARN ET GARONNE";2;81447;48832;2450;1416;"BC-SOC";660;"BC-UG";4486;"BC-RDG";8767;"BC-DVG";7179;"BC-UD";7464;"BC-DVD";1129;"BC-FN";15281;;;;
83;"VAR";1;74066;34746;1559;560;"BC-UD";21326;"BC-FN";11301;;;;;;;;;;;;;;
83;"VAR";2;89363;44256;2321;1029;"BC-UD";24493;"BC-FN";16413;;;;;;;;;;;;;;
83;"VAR";3;98864;52008;3197;1368;"BC-UD";29105;"BC-FN";18338;;;;;;;;;;;;;;
83;"VAR";4;103446;54548;2404;1126;"BC-UD";27879;"BC-FN";23139;;;;;;;;;;;;;;
83;"VAR";5;65289;33525;1200;710;"BC-UD";17370;"BC-FN";14245;;;;;;;;;;;;;;
83;"VAR";6;113150;58672;3261;1709;"BC-SOC";6754;"BC-UD";21636;"BC-FN";25312;;;;;;;;;;;;
83;"VAR";7;102849;51678;2966;1054;"BC-UG";7733;"BC-UD";17888;"BC-FN";22037;;;;;;;;;;;;
83;"VAR";8;101372;53619;3371;1369;"BC-UD";26246;"BC-FN";22633;;;;;;;;;;;;;;
84;"VAUCLUSE";1;61017;33210;1878;716;"BC-FG";6327;"BC-SOC";4850;"BC-VEC";6141;"BC-FN";13298;;;;;;;;;;
84;"VAUCLUSE";2;76893;42968;2085;937;"BC-UG";1388;"BC-UMP";14297;"BC-DVD";7679;"BC-FN";16582;;;;;;;;;;
84;"VAUCLUSE";3;62977;37628;1833;739;"BC-SOC";8522;"BC-UG";2440;"BC-UD";5985;"BC-FN";18109;;;;;;;;;;
84;"VAUCLUSE";4;86840;48932;3572;708;"BC-SOC";6186;"BC-UG";5216;"BC-UMP";6623;"BC-UD";1376;"BC-FN";13608;"BC-EXD";11643;;;;;;
84;"VAUCLUSE";5;80379;48545;1570;605;"BC-SOC";5616;"BC-UG";15099;"BC-UMP";9580;"BC-FN";16075;;;;;;;;;;
85;"VENDEE";1;26995;13420;553;400;"BC-UG";6014;"BC-UD";6453;;;;;;;;;;;;;;
85;"VENDEE";2;85597;43676;2689;1442;"BC-SOC";7336;"BC-UG";330;"BC-UD";23900;"BC-FN";7979;;;;;;;;;;
85;"VENDEE";3;117557;60550;4368;2210;"BC-UD";22968;"BC-DVD";14309;"BC-FN";16695;;;;;;;;;;;;
85;"VENDEE";5;58299;30140;2314;1242;"BC-SOC";6560;"BC-UD";15944;"BC-FN";4080;;;;;;;;;;;;
86;"VIENNE";1;78443;38335;2513;1366;"BC-SOC";14576;"BC-UC";444;"BC-UMP";5907;"BC-DVD";11697;"BC-FN";1832;;;;;;;;
86;"VIENNE";2;76112;37843;2333;1246;"BC-SOC";16360;"BC-UC";1093;"BC-UMP";8961;"BC-DVD";7850;;;;;;;;;;
86;"VIENNE";3;74279;40729;2521;1496;"BC-SOC";9331;"BC-DVG";3497;"BC-UMP";17410;"BC-DVD";3902;"BC-FN";2572;;;;;;;;
86;"VIENNE";4;55572;27779;1922;987;"BC-SOC";3067;"BC-UDI";5192;"BC-DVD";10291;"BC-FN";6320;;;;;;;;;;
87;"HAUTE VIENNE";1;84395;45559;4271;2372;"BC-SOC";20121;"BC-UG";1713;"BC-DVG";2932;"BC-UC";411;"BC-UDI";1618;"BC-UMP";4655;"BC-UD";2201;"BC-FN";5265;;
87;"HAUTE VIENNE";2;96485;56247;4217;3215;"BC-FG";5788;"BC-SOC";22219;"BC-UG";1951;"BC-DVG";982;"BC-UC";118;"BC-UMP";962;"BC-UD";6901;"BC-DVD";2722;"BC-FN";7172
87;"HAUTE VIENNE";3;82939;46805;3863;2073;"BC-FG";3091;"BC-SOC";10782;"BC-UG";7863;"BC-UC";5019;"BC-UDI";875;"BC-UMP";2910;"BC-UD";1472;"BC-DVD";3584;"BC-FN";5273
88;"VOSGES";1;67793;32679;2212;911;"BC-UG";258;"BC-DVG";3401;"BC-UMP";3924;"BC-UD";4983;"BC-DVD";8407;"BC-FN";8583;;;;;;
88;"VOSGES";2;73866;38268;2596;1117;"BC-UG";4179;"BC-DVG";3942;"BC-DVD";12603;"BC-FN";13831;;;;;;;;;;
88;"VOSGES";3;46200;23721;2001;763;"BC-SOC";3693;"BC-UMP";10870;"BC-DVD";2695;"BC-FN";3699;;;;;;;;;;
88;"VOSGES";4;51211;28270;1650;803;"BC-SOC";2706;"BC-UMP";3172;"BC-DVD";11622;"BC-FN";8317;;;;;;;;;;
89;"YONNE";1;77019;42066;2609;832;"BC-UG";6239;"BC-DVG";3931;"BC-UD";16708;"BC-FN";11747;;;;;;;;;;
89;"YONNE";2;76515;41319;2796;948;"BC-UG";2157;"BC-UDI";7422;"BC-UD";13794;"BC-FN";14202;;;;;;;;;;
89;"YONNE";3;76946;38228;2453;784;"BC-UG";5539;"BC-UD";10949;"BC-DVD";3704;"BC-FN";14799;;;;;;;;;;
90;"TERRITOIRE DE BELFORT";1;47705;26120;978;519;"BC-SOC";1658;"BC-UG";3789;"BC-DVG";2599;"BC-MDM";875;"BC-UDI";150;"BC-UMP";7125;"BC-UD";2458;"BC-FN";5969;;
90;"TERRITOIRE DE BELFORT";2;47421;26427;1049;541;"BC-UG";6292;"BC-DVG";2511;"BC-MDM";988;"BC-UDI";2327;"BC-UMP";4981;"BC-UD";1619;"BC-FN";6119;;;;
91;"ESSONNE";1;70010;28658;2587;947;"BC-UG";9889;"BC-UMP";6820;"BC-FN";8415;;;;;;;;;;;;
91;"ESSONNE";2;88915;43453;1940;717;"BC-UG";6815;"BC-UMP";10021;"BC-UD";10592;"BC-FN";13368;;;;;;;;;;
91;"ESSONNE";3;93399;46211;1957;954;"BC-SOC";6503;"BC-UG";10856;"BC-UMP";8668;"BC-UD";12937;"BC-FN";4336;;;;;;;;
91;"ESSONNE";4;94322;45315;2217;904;"BC-SOC";5206;"BC-UG";12103;"BC-UMP";14564;"BC-UD";4532;"BC-DVD";5236;"BC-FN";553;;;;;;
91;"ESSONNE";5;69050;33534;1104;601;"BC-SOC";2512;"BC-UG";11854;"BC-UMP";12585;"BC-UD";2468;"BC-DVD";2410;;;;;;;;
91;"ESSONNE";6;80085;37246;1678;801;"BC-UG";14659;"BC-UD";18198;"BC-FN";1910;;;;;;;;;;;;
91;"ESSONNE";7;73411;33020;1674;737;"BC-UG";9523;"BC-UMP";6996;"BC-UD";11286;"BC-FN";2804;;;;;;;;;;
91;"ESSONNE";8;76122;33701;1533;754;"BC-UG";11943;"BC-UMP";9011;"BC-DLF";9797;"BC-FN";663;;;;;;;;;;
91;"ESSONNE";9;77330;36553;2325;898;"BC-UG";17172;"BC-UMP";9071;"BC-FN";7087;;;;;;;;;;;;
91;"ESSONNE";10;59724;25625;954;642;"BC-UG";13384;"BC-UD";10233;"BC-FN";412;;;;;;;;;;;;
92;"HAUTS DE SEINE";1;60476;23557;1147;464;"BC-FG";9195;"BC-SOC";5033;"BC-UMP";279;"BC-UD";4525;"BC-FN";2914;;;;;;;;
92;"HAUTS DE SEINE";2;65569;29098;1171;554;"BC-SOC";9609;"BC-UG";1697;"BC-UMP";1899;"BC-UD";14168;;;;;;;;;;
92;"HAUTS DE SEINE";3;79190;32638;1903;120;"BC-SOC";4127;"BC-UG";5272;"BC-UMP";12196;"BC-UD";9020;;;;;;;;;;
92;"HAUTS DE SEINE";4;72866;28402;1724;311;"BC-SOC";6496;"BC-DVG";6640;"BC-UD";13231;;;;;;;;;;;;
92;"HAUTS DE SEINE";5;72148;31190;1681;710;"BC-SOC";5580;"BC-UD";14322;"BC-DVD";8897;;;;;;;;;;;;
92;"HAUTS DE SEINE";6;38077;17108;1071;339;"BC-UG";5560;"BC-UMP";10138;;;;;;;;;;;;;;
92;"HAUTS DE SEINE";7;55024;21920;1026;464;"BC-SOC";6334;"BC-UD";14096;;;;;;;;;;;;;;
92;"HAUTS DE SEINE";8;53680;24095;1204;338;"BC-SOC";8373;"BC-UD";14180;;;;;;;;;;;;;;
92;"HAUTS DE SEINE";9;21233;7904;478;0;"BC-SOC";2339;"BC-UD";5087;;;;;;;;;;;;;;
92;"HAUTS DE SEINE";10;76128;32755;2103;234;"BC-SOC";11277;"BC-UMP";4603;"BC-UD";14538;;;;;;;;;;;;
92;"HAUTS DE SEINE";11;68568;29888;1169;548;"BC-FG";5486;"BC-SOC";10496;"BC-UMP";2624;"BC-UD";9565;;;;;;;;;;
92;"HAUTS DE SEINE";12;71152;33862;1233;526;"BC-SOC";13083;"BC-UMP";9683;"BC-UD";9337;;;;;;;;;;;;
92;"HAUTS DE SEINE";13;13722;6931;209;98;"BC-FG";2520;"BC-UMP";4104;;;;;;;;;;;;;;
93;"SEINE SAINT-DENIS";1;58336;18875;1095;616;"BC-SOC";1141;"BC-UG";7552;"BC-UDI";1628;"BC-DVD";6843;;;;;;;;;;
93;"SEINE SAINT-DENIS";2;53848;12892;2330;652;"BC-FG";2836;"BC-SOC";2792;"BC-UG";2763;"BC-UDI";1519;;;;;;;;;;
93;"SEINE SAINT-DENIS";3;72960;27878;1305;643;"BC-UG";13485;"BC-UMP";2948;"BC-UD";9497;;;;;;;;;;;;
93;"SEINE SAINT-DENIS";4;61070;19792;1721;360;"BC-FG";6149;"BC-SOC";4179;"BC-UMP";5470;"BC-UD";1913;;;;;;;;;;
93;"SEINE SAINT-DENIS";5;63611;22468;1153;479;"BC-FG";4185;"BC-SOC";1062;"BC-UDI";10754;"BC-UMP";701;"BC-UD";1443;"BC-FN";2691;;;;;;
93;"SEINE SAINT-DENIS";6;51343;12647;2504;645;"BC-COM";4257;"BC-UG";5241;;;;;;;;;;;;;;
93;"SEINE SAINT-DENIS";7;74350;23177;2976;564;"BC-FG";5265;"BC-SOC";5361;"BC-UG";6431;"BC-UMP";2580;;;;;;;;;;
93;"SEINE SAINT-DENIS";8;60108;24149;1400;376;"BC-SOC";2930;"BC-UG";5571;"BC-UMP";8835;"BC-UD";5037;;;;;;;;;;
93;"SEINE SAINT-DENIS";9;69063;22872;2722;868;"BC-FG";3278;"BC-SOC";2672;"BC-UG";7855;"BC-UDI";3558;"BC-UD";1919;;;;;;;;
93;"SEINE SAINT-DENIS";10;68819;25751;1194;512;"BC-SOC";8832;"BC-UMP";9538;"BC-UD";5675;;;;;;;;;;;;
93;"SEINE SAINT-DENIS";11;62099;22626;989;534;"BC-FG";5870;"BC-UG";6185;"BC-UD";6216;"BC-FN";2832;;;;;;;;;;
93;"SEINE SAINT-DENIS";12;64537;26613;1376;584;"BC-FG";3855;"BC-UG";7279;"BC-UMP";2871;"BC-UD";6712;"BC-FN";3936;;;;;;;;
94;"VAL DE MARNE";1;83638;35585;2765;1181;"BC-FG";2534;"BC-UG";3057;"BC-UD";18788;"BC-DVD";5676;"BC-FN";1584;;;;;;;;
94;"VAL DE MARNE";2;64641;26031;1456;693;"BC-FG";5538;"BC-UG";6822;"BC-DVG";2791;"BC-UD";6000;"BC-FN";2731;;;;;;;;
94;"VAL DE MARNE";3;70199;31799;1545;644;"BC-FG";5995;"BC-DVG";2710;"BC-UD";16213;"BC-FN";4692;;;;;;;;;;
94;"VAL DE MARNE";4;72050;31727;2433;846;"BC-FG";1569;"BC-UD";20315;"BC-FN";6564;;;;;;;;;;;;
94;"VAL DE MARNE";5;88485;35978;1589;469;"BC-FG";6896;"BC-UG";5648;"BC-UD";20412;"BC-FN";964;;;;;;;;;;
94;"VAL DE MARNE";6;79733;35520;1108;475;"BC-FG";9206;"BC-SOC";6439;"BC-UD";18292;;;;;;;;;;;;
94;"VAL DE MARNE";7;65215;28415;1035;528;"BC-FG";5463;"BC-UG";6229;"BC-UD";15160;;;;;;;;;;;;
94;"VAL DE MARNE";8;39843;17017;570;314;"BC-UG";5843;"BC-UD";10290;;;;;;;;;;;;;;
94;"VAL DE MARNE";9;53346;21127;916;504;"BC-FG";7046;"BC-UG";5456;"BC-UD";5055;"BC-FN";2150;;;;;;;;;;
94;"VAL DE MARNE";10;64102;19819;2516;1063;"BC-FG";14353;"BC-UD";1887;;;;;;;;;;;;;;
94;"VAL DE MARNE";11;61651;23991;1224;376;"BC-FG";6983;"BC-UG";6909;"BC-UD";8499;;;;;;;;;;;;
95;"VAL D'OISE";1;80108;37081;3057;785;"BC-SOC";4390;"BC-UMP";13852;"BC-UD";3278;"BC-FN";11719;;;;;;;;;;
95;"VAL D'OISE";2;74989;32732;2260;805;"BC-SOC";3473;"BC-UMP";13957;"BC-UD";5353;"BC-FN";6884;;;;;;;;;;
95;"VAL D'OISE";3;89995;39383;2826;908;"BC-UMP";19654;"BC-UD";5756;"BC-FN";10239;;;;;;;;;;;;
95;"VAL D'OISE";4;74645;30966;2055;729;"BC-SOC";5002;"BC-UMP";13949;"BC-UD";5254;"BC-FN";3977;;;;;;;;;;
95;"VAL D'OISE";5;66835;25758;1721;777;"BC-SOC";11747;"BC-UMP";6899;"BC-FN";4614;;;;;;;;;;;;
95;"VAL D'OISE";6;77013;29631;1739;679;"BC-SOC";2508;"BC-UMP";14556;"BC-UD";5697;"BC-FN";4452;;;;;;;;;;
95;"VAL D'OISE";7;68705;26701;1651;675;"BC-SOC";4799;"BC-UMP";10527;"BC-UD";3460;"BC-FN";5589;;;;;;;;;;
95;"VAL D'OISE";8;53991;16827;882;445;"BC-SOC";5724;"BC-UD";5285;"BC-FN";4491;;;;;;;;;;;;
95;"VAL D'OISE";9;69050;26021;1535;755;"BC-SOC";3653;"BC-UMP";3902;"BC-UD";6614;"BC-FN";9562;;;;;;;;;;
95;"VAL D'OISE";10;64077;24704;1498;444;"BC-SOC";12371;"BC-UMP";8187;"BC-FN";2204;;;;;;;;;;;;
"ZA";"GUADELOUPE";1;64293;32180;1119;1998;"BC-SOC";12288;"BC-DVG";16775;;;;;;;;;;;;;;
"ZA";"GUADELOUPE";2;67939;30093;855;1465;"BC-PG";2498;"BC-SOC";5426;"BC-DVG";10089;"BC-DIV";3068;"BC-UMP";3847;"BC-DVD";2845;;;;;;
"ZA";"GUADELOUPE";3;55012;25079;890;1264;"BC-SOC";8018;"BC-DVG";10710;"BC-DIV";2919;"BC-DVD";1278;;;;;;;;;;
"ZA";"GUADELOUPE";4;50984;28155;578;1224;"BC-SOC";14234;"BC-DVG";473;"BC-DVD";11646;;;;;;;;;;;;
"ZD";"LA REUNION";1;54386;24538;1424;1212;"BC-SOC";10434;"BC-UMP";5923;"BC-UD";2427;"BC-DVD";3118;;;;;;;;;;
"ZD";"LA REUNION";2;89333;44028;2521;2863;"BC-COM";4574;"BC-DVG";18556;"BC-UMP";11550;"BC-DVD";3964;;;;;;;;;;
"ZD";"LA REUNION";3;89475;48620;3145;3580;"BC-SOC";4496;"BC-DVG";492;"BC-UDI";540;"BC-UD";7671;"BC-DVD";28696;;;;;;;;
"ZD";"LA REUNION";4;78841;40008;1861;2543;"BC-SOC";5146;"BC-UG";3820;"BC-MDM";3493;"BC-UMP";15124;"BC-DVD";8021;;;;;;;;
"ZD";"LA REUNION";5;80230;40395;1874;2220;"BC-COM";308;"BC-SOC";9048;"BC-DVG";6154;"BC-UDI";4730;"BC-UD";10576;"BC-DVD";5485;;;;;;
"ZD";"LA REUNION";6;72529;37000;1688;1858;"BC-COM";6614;"BC-SOC";7108;"BC-DVG";6258;"BC-UDI";1765;"BC-UD";1859;"BC-DVD";9850;;;;;;
"ZD";"LA REUNION";7;105339;56891;3000;3391;"BC-DVG";5499;"BC-DIV";5993;"BC-MDM";14086;"BC-UDI";6233;"BC-UMP";6593;"BC-DVD";12096;;;;;;
"ZM";"MAYOTTE";1;34381;21892;244;518;"BC-SOC";991;"BC-DVG";6168;"BC-DIV";1023;"BC-UDI";3124;"BC-UMP";5924;"BC-DVD";3900;;;;;;
"ZM";"MAYOTTE";2;42662;29197;303;674;"BC-SOC";2087;"BC-DVG";4347;"BC-DIV";5102;"BC-UDI";3176;"BC-UMP";9131;"BC-DVD";4377;;;;;;
